,u,v,w,hvelmag,theta,mueff,u'theta'_r,v'theta'_r,w'theta'_r,u'u'_r,u'v'_r,u'w'_r,v'v'_r,v'w'_r,w'w'_r,u'u'u'_r,v'v'v'_r,w'w'w'_r,z
0,2.3911095917999403,2.5433640539079354,-5.403495434029097e-09,3.4929997464595357,299.24962300848404,0.0,0.0027819261094178256,0.002979876009532426,-0.0002021431393298527,0.02728773619664625,0.012417808803186289,-0.0008817749182762526,0.02760896258450513,-0.0007659393392300603,0.0009068483679929561,0.0020786517910052283,0.0021752892630938036,1.8056536117990762e-06,2.6041666666666665
1,2.8890986107561787,3.0220400986099594,-8.685533683636008e-09,4.184623738581273,299.307716577765,0.0,0.005741347459872882,0.005569320629147571,-0.0014062254156706484,0.0642439972846272,0.031292123051875384,-0.008308801483792757,0.06147208748905989,-0.007501638573043094,0.006002957463395396,0.005518204277212534,0.0046823556374512975,5.602584624924588e-08,7.8125
2,3.216000530465283,3.294854946793634,-1.0960350446445704e-08,4.608865703250131,299.3597124714925,0.0,0.007690900409311741,0.006705915493651157,-0.002373558197578313,0.07801630082228361,0.030945903562642887,-0.011128013277419184,0.06966626200385016,-0.009165351306683197,0.011728241306612855,0.003565887470565291,0.0020637654741689753,-2.7003994203770958e-05,13.020833333333332
3,3.466180781595527,3.4869802048464567,-1.2552851598116686e-08,4.921470992141047,299.4034003811725,0.0,0.008534332174164092,0.007061234195628484,-0.0028230793363622293,0.07994176935348127,0.027683199701957283,-0.012638937825966357,0.07012836220754332,-0.009763835184323591,0.015758648595833837,0.0009371716486559964,-3.7269113122830065e-05,-2.038744472774047e-05,18.229166666666664
4,3.670510437570693,3.6288969771351898,-1.3676826954041021e-08,5.166221092528484,299.4414412493535,0.0,0.008795325376841061,0.006832381135352654,-0.003007288968247741,0.07780823372756752,0.023746703631246143,-0.01306510185908253,0.06612093772672172,-0.009220619613688297,0.018040701394730657,-0.0007479624911151833,-0.000998008036448962,7.735633936218693e-05,23.4375
5,3.8511104595498726,3.7485123649946774,-1.4500767003804532e-08,5.37867865391588,299.47496581202927,0.0,0.0087502090163449,0.006370673628588772,-0.003008501387578588,0.07498319812414235,0.02068902744169569,-0.013089531024085813,0.06189712394762741,-0.00859471710902804,0.019229522388293042,-0.001354535589776789,-0.0016201550636893976,0.00019116322014474399,28.645833333333332
6,4.014119967012375,3.848960737863466,-1.508637861529541e-08,5.5654899142337815,299.5053040228399,0.0,0.00857041441166909,0.005766875957477289,-0.002937349443522122,0.07195219243314152,0.017753356441941315,-0.012898584568895541,0.05766079039947204,-0.007835544920072955,0.019680128002616478,-0.0017395970384556148,-0.0016431789966574002,0.0002873473283222607,33.854166666666664
7,4.165948911478429,3.937243241309759,-1.5510645311408396e-08,5.736073285393129,299.53313185110875,0.0,0.008389198375103447,0.005226814224749108,-0.0028264850042134305,0.06904781910916279,0.015754190511186327,-0.01261919408979343,0.05373740490460607,-0.007130035478186384,0.019640956570148374,-0.001824674310831024,-0.0015489871305755154,0.0003593315913805624,39.0625
8,4.310429779220714,4.014681778975554,-1.5773551640154132e-08,5.8942018596039985,299.5590552282668,0.0,0.008146144344711689,0.004668709836926114,-0.002692411774026534,0.06617957167430111,0.013806071277556512,-0.012231479513523347,0.05004305603697186,-0.006381054022790484,0.019313719180447178,-0.0018641728769096533,-0.0014112855383178926,0.0003983314870081081,44.27083333333333
9,4.446567557450163,4.083250883654692,-1.59849125430026e-08,6.040484537961102,299.5833291731923,0.0,0.007937055663775753,0.004162574013051735,-0.0025433111724158103,0.06363259551820048,0.012458384858662191,-0.011819312954508148,0.04675993219211811,-0.005724882759669619,0.018849964882977965,-0.0018967505920211767,-0.0012713307372869743,0.0004168307395250751,49.479166666666664
10,4.579858021179776,4.144464293702714,-1.6199242990248202e-08,6.180023496031875,299.60643886695374,0.0,0.007687564597063597,0.0036559572632586046,-0.0023930171466214397,0.061141473433693534,0.010938473150098054,-0.011301993038058754,0.04311334058526155,-0.00505078703212818,0.018288407902834255,-0.002048663827963504,-0.0011114818839417567,0.0004184937727240937,54.6875
11,4.7063094399992105,4.198794064706582,-1.6472075382526284e-08,6.310214679936409,299.62810462224064,0.0,0.007499631198982392,0.0032184047248749715,-0.0022445125782528785,0.05923249367133941,0.009908839849715098,-0.01092804574443974,0.04008910642469178,-0.0044861973786363175,0.017628682889683566,-0.002171884623151357,-0.0009446289052201851,0.0004044434303973116,59.89583333333333
12,4.832923094741711,4.248264302191534,-1.6725635960104073e-08,6.437641760342097,299.6492292280038,0.0,0.007143098721457214,0.002743407980313217,-0.0020854252523821843,0.05624527837760639,0.008530782598664745,-0.010282210944197921,0.03740621746887253,-0.0038969439900479667,0.016933084947727297,-0.0021479852636871284,-0.0007357998443032571,0.0003874907332861329,65.10416666666666
13,4.9510543587290385,4.291092166756919,-1.676856867957895e-08,6.554668585160387,299.66904522395396,0.0,0.006960415076567118,0.002444058456392866,-0.001956083569481276,0.0548713934079715,0.007983425750082693,-0.009992256126505021,0.03506373666206707,-0.003410501514574543,0.01620918051773377,-0.002216098207654981,-0.000679541330104071,0.0003675215660065358,70.3125
14,5.074769525824755,4.330836566589529,-1.720881849357133e-08,6.674220204858093,299.6888055275329,0.0,0.00651324245025869,0.0020945365726524807,-0.0017895317297227722,0.05164601114005609,0.006973834487257279,-0.00922966547359014,0.032399611908778124,-0.0028759784091122657,0.01551996236122699,-0.002258099156396515,-0.0005852254699505898,0.0003509462579714884,75.52083333333333
15,5.181596424530828,4.3624526017959075,-1.772623219544009e-08,6.776087401514167,299.70624916593584,0.0,0.006407387371546787,0.0018377419409707268,-0.0017155756151763944,0.05081837553313373,0.006437148918790735,-0.009099305434765668,0.030792152543423414,-0.002531477237341818,0.01478342822084489,-0.002384631003522183,-0.0006275772049879948,0.0003397760858461478,80.72916666666666
16,5.305491681453842,4.394386055809585,-1.8662011355956215e-08,6.891543718526013,299.7259900788744,0.0,0.006010678512679932,0.0014814457964392373,-0.0015676850090011677,0.04809870160132156,0.005267029356505259,-0.008574280532570182,0.02835029486506258,-0.002109576550815253,0.014014854686217259,-0.0020911609258633256,-0.0005312905502717227,0.0003327063931638162,85.9375
17,5.405708648700849,4.417187741612113,-1.887495898850775e-08,6.983290024566196,299.74142461720953,0.0,0.005412268064827888,0.0011675198771875905,-0.001370746747441232,0.04397557688799472,0.004245754986345931,-0.007695852255969851,0.02615251536125011,-0.001677068250555281,0.01320733131498712,-0.0020270104337860658,-0.0005040400808632066,0.00030680228726102953,91.14583333333333
18,5.517829147850837,4.438259685590217,-1.9084404428832443e-08,7.083617674644427,299.7579005826151,0.0,0.0052374213767046405,0.0009422317407702233,-0.001277248771639376,0.04244950043764224,0.0036761910602574276,-0.00743674828079235,0.02456544476156911,-0.001394373104490313,0.012377874397544142,-0.0019295183211230427,-0.00045899133028399146,0.00027533577228693794,96.35416666666666
19,5.61781107846996,4.452853442895796,-1.9221900056744424e-08,7.170796261154686,299.7728987558215,0.0,0.004865369509883437,0.0007146080148806191,-0.0011516913398687165,0.0397874372563569,0.0028666075931531427,-0.006777907545383226,0.022877443994371607,-0.0010683395808898022,0.011604857564569415,-0.0019181327627392384,-0.00037482729893672774,0.00023802412369264254,101.5625
20,5.723215486724139,4.466834674897408,-1.930610005699885e-08,7.26226734236036,299.78798453651586,0.0,0.004698414750378994,0.0005392413953568034,-0.0010568230959201394,0.038479151860311644,0.002157375357723366,-0.0064286887298122776,0.021246206957579807,-0.0008320716481536381,0.010853449925442795,-0.0018093631002551408,-0.00030369587020758913,0.00020659908800608082,106.77083333333333
21,5.8204633262369825,4.475726495708826,-1.9373042575453734e-08,7.344561876076753,299.8020484086259,0.0,0.004392587441169344,0.00035457140151331856,-0.0009571426150133933,0.03626489077622705,0.0014188156729123868,-0.005901564083644365,0.019614663265844764,-0.0005785723639893677,0.010151211626652123,-0.0017285393022581587,-0.00024333580456590366,0.00018206081947237128,111.97916666666666
22,5.9197411407355425,4.483123773702534,-1.9407998936758803e-08,7.427958612093562,299.8158880929764,0.0,0.004131446065735071,0.00019270492100334578,-0.0008691592208090293,0.03451231550706907,0.0009493260541782192,-0.0055175830755844245,0.01828953974257925,-0.0003837409831758735,0.00950361288790989,-0.001593338006893389,-0.00022450220788279498,0.00016632118430624418,117.1875
23,6.014115959813578,4.485686748465499,-1.943321006121489e-08,7.504946140204874,299.82903468079803,0.0,0.00381017732289181,4.126936592966127e-05,-0.0007849705245798014,0.03227052539830798,0.00037443834088068067,-0.0050896279334844115,0.016982090746534645,-0.0002109248438576571,0.008897679496489098,-0.0015228634396279464,-0.00016261640316799262,0.00015164278885817766,122.39583333333333
24,6.107919956859632,4.486939515094261,-1.9409048251612044e-08,7.581096468535808,299.84179424153575,0.0,0.0035180823199024262,-4.680650607149397e-05,-0.0007086713768159617,0.030341787357575433,1.9574101713912523e-05,-0.004700112762741173,0.01565525275694841,-7.076672766713009e-05,0.008296170354916628,-0.0014119528304917409,-9.419110524433574e-05,0.00013509863617354537,127.60416666666666
25,6.197237063442559,4.48560999329904,-1.939948641428831e-08,7.652482689495977,299.8538538953771,0.0,0.003240723080802949,-0.00012007599831107768,-0.0006357466992160108,0.028387514781249488,-0.00025564219238936403,-0.004350336456202775,0.014497013950877716,4.961865182218121e-05,0.007695098235759616,-0.001417155992403473,-3.735995620657775e-05,0.00012000697209431919,132.8125
26,6.285687305965239,4.481933528398509,-1.9424564186367352e-08,7.722199638396495,299.86541564091925,0.0,0.002977931740755679,-0.0001948268150122605,-0.0005697889997437685,0.026502598691068746,-0.0005711858826660386,-0.003969820075756653,0.013482110140089917,0.0001410713870120138,0.007117127730192797,-0.0014202888445056451,1.6755432433085084e-06,0.00010693381115014492,138.02083333333331
27,6.369430586251599,4.475382901085874,-1.9516105878111418e-08,7.786809350785005,299.8763772267925,0.0,0.002756352671475622,-0.0002616098549077598,-0.0005126786346035865,0.024989894264362437,-0.0008608492933855875,-0.0036778534411262605,0.012510400387869722,0.0002276761957271015,0.006581036633378273,-0.001438200919827601,1.3756818039177704e-05,9.518323366182322e-05,143.22916666666666
28,6.452548978600652,4.466538108869729,-1.9606690461319576e-08,7.849948582454034,299.8867466971537,0.0,0.0024881929091628194,-0.0002917264260434854,-0.00045497713901757644,0.023057187275067507,-0.0010568172344920536,-0.0033016927637716867,0.011557053617158669,0.0002916094671419684,0.006083374576678511,-0.0013187684398260834,1.4217758943327828e-05,8.475491820405636e-05,148.4375
29,6.52924022846404,4.456870962307573,-1.9551617665109903e-08,7.907726892420284,299.8962536549124,0.0,0.002285760255207597,-0.00033256428208539485,-0.00040712400033111494,0.021666685958219953,-0.001324151315918881,-0.003040538643759849,0.010627886619007477,0.00035261057992741127,0.005615613500881363,-0.001263735695234054,2.2882664747931907e-05,7.345056333816499e-05,153.64583333333331
30,6.608300797180512,4.444996925120882,-1.977296664545865e-08,7.96653438832534,299.90555321403735,0.0,0.002020219211043112,-0.0003467328456135765,-0.00035423035070196066,0.019546596910341548,-0.001396168791381461,-0.0026783591457475724,0.009777515061902003,0.0003772616687645119,0.005186366040604045,-0.0011138102744660456,3.437698815678396e-05,6.352017421477646e-05,158.85416666666666
31,6.676926610776166,4.433140926703576,-2.0074441650084876e-08,8.017078825908897,299.9138322857056,0.0,0.0018425209806270275,-0.00036344340543544414,-0.00031938480351036407,0.018262266035104096,-0.0016182682589383332,-0.0024925971649095878,0.009216439756241425,0.00043249510739606456,0.004781244162059485,-0.0010354695230927842,4.892543831691234e-05,5.51160788827483e-05,164.0625
32,6.751319482828229,4.418485018145816,-2.0623834486831353e-08,8.071168324667935,299.9223645995317,0.0,0.001627432074178856,-0.00035943726579784515,-0.00027417217833783684,0.016550770868870687,-0.0017129510128107502,-0.002214132653362785,0.008445431276425152,0.00043786346837082355,0.004396280135531609,-0.0008671748675150886,6.55110760901609e-05,4.9801136282858574e-05,169.27083333333331
33,6.8130098757287945,4.404007605655092,-2.067355370356336e-08,8.115029907455376,299.9294831339693,0.0,0.0014111471203204612,-0.00035035751615213154,-0.00022816132381533522,0.014694770942547656,-0.0017583675946936362,-0.0018819798110252615,0.007659446191141567,0.00042914511802582677,0.004013553497961529,-0.0007612953088326332,7.220907223676012e-05,4.386160301269066e-05,174.47916666666666
34,6.879229778214549,4.3878234810632035,-2.0744672886124784e-08,8.162082330650335,299.93675875429795,0.0,0.0012643705600129758,-0.0003396656907678621,-0.0001986918402983053,0.013555150117322745,-0.0017540732380960536,-0.001711639581437562,0.007021840205471405,0.00043562592310165195,0.0036462209364968305,-0.0006979898052415153,7.320052337916706e-05,3.7408629519648546e-05,179.6875
35,6.9376340979939775,4.371342592471165,-2.0737574020148148e-08,8.202656621602367,299.94329882060885,0.0,0.0010928790550998946,-0.0003275966710854523,-0.00016887273271034062,0.012127619356403302,-0.0016967574719553445,-0.0014648341025834284,0.006346920053123807,0.00041462830617146855,0.0033071436715699804,-0.0006282860389530482,7.821051928406799e-05,3.067801618194208e-05,184.89583333333331
36,6.997019008185355,4.352816293233793,-2.0686132881047984e-08,8.24324859685837,299.94959827050536,0.0,0.0009737886810699118,-0.00032556600401549075,-0.00014412524031747075,0.011106333738632247,-0.0017402712089819342,-0.001301155481030843,0.005795842047850877,0.00040808133363316837,0.0029799815023073433,-0.0005557199329396049,7.430946970635264e-05,2.447866055531791e-05,190.10416666666666
37,7.050865533819833,4.333638444534281,-2.0597132316800084e-08,8.279039453392496,299.9553535177751,0.0,0.0008522773623994313,-0.0003201515174696359,-0.00012197237914039404,0.009983736848786255,-0.001755569381374923,-0.0011134781614077394,0.005282961016938644,0.00037812920884597214,0.002675075034967313,-0.0004903371813392257,8.205044807825072e-05,1.8211605714883763e-05,195.3125
38,7.103729215909579,4.314049511361822,-2.0487000892830043e-08,8.314012007473337,299.9608186870358,0.0,0.0007496538813582404,-0.00029856467617054335,-0.00010215098304537448,0.00895713712185841,-0.0017485934495236396,-0.0009619585791240153,0.004801399822018714,0.00035475146193289373,0.0023935124740082905,-0.00041625369539352954,8.154120375564652e-05,1.309846583471692e-05,200.52083333333331
39,7.153171545542519,4.294041759321973,-2.036027902439768e-08,8.346078569735713,299.9659246503678,0.0,0.0006522486444470688,-0.00027552834354556833,-8.488694310830686e-05,0.007933031596049148,-0.001667925960268745,-0.0008092497757658814,0.004317517671612745,0.00032340566804873474,0.00214108945716867,-0.0003520110313124623,6.942052346471967e-05,8.944497348782039e-06,205.72916666666666
40,7.200525124720728,4.274013559263853,-2.0217192150674694e-08,8.376554289880561,299.97066744656684,0.0,0.0005697342611336834,-0.00024696008015101376,-6.891098966164429e-05,0.007071095995356531,-0.0015569916522046726,-0.0006777414210587878,0.0038345633794194395,0.00028803672394229823,0.0019146526635026397,-0.000287944089923904,6.190382604875268e-05,6.044578332231641e-06,210.9375
41,7.245149723838811,4.253369343838771,-2.007094842604772e-08,8.404579677486515,299.97503446824004,0.0,0.0004940902861082484,-0.00021747128699645541,-5.5299127210211095e-05,0.006202160618138165,-0.0014271707265332625,-0.0005565081021202127,0.003323131224271438,0.0002622435005810973,0.0017118362366481499,-0.00025105164350527106,5.17818094826209e-05,4.206400987448511e-06,216.14583333333331
42,7.287689583849414,4.233600643649298,-1.993168828268869e-08,8.431443112842073,299.97906593575965,0.0,0.00042069175307861797,-0.0001873817952266037,-4.347980095103211e-05,0.005400091027816453,-0.0012957642236369146,-0.00045247883013064833,0.002876853120492303,0.0002207669379769547,0.0015239027878161593,-0.00021633288838621433,3.966840943180363e-05,3.101358512238945e-06,221.35416666666666
43,7.327449563060933,4.213722090298997,-1.980894823692568e-08,8.456009920186863,299.98271802390514,0.0,0.00035865403248626224,-0.00016526465756064199,-3.3926915790761435e-05,0.004643723652072427,-0.001213859224387779,-0.00035918496701288196,0.002525553965668355,0.00019422023249957989,0.0013501237399177232,-0.00017938006987987758,3.1624600902858966e-05,1.8598008594625492e-06,226.5625
44,7.365043658194374,4.194164434755914,-1.9703695144245483e-08,8.479020113555139,299.98610789079595,0.0,0.00029464837606210453,-0.00014261698319104722,-2.5354075393407478e-05,0.003928422068238249,-0.0010816913494496026,-0.0002750894310111829,0.0021537716856803264,0.00015263978380497135,0.0011972205207680272,-0.0001468161830551316,2.8967312506362648e-05,6.128978594898213e-07,231.77083333333331
45,7.399165247337147,4.174809941287097,-1.9615369691272435e-08,8.49923818480229,299.9891120891275,0.0,0.0002400291699372892,-0.00012018593555286081,-1.8549947371955734e-05,0.003296732071820633,-0.0009442810682499636,-0.00020474685401473218,0.0018280665037393846,0.00012696469030453497,0.0010613178908561555,-0.00011697009594589568,2.6603964323092708e-05,-1.1769339041333903e-07,236.97916666666666
46,7.431016518135977,4.156476867509881,-1.9527962329581766e-08,8.518114785680176,299.99182237525895,0.0,0.00018741827086757722,-9.674633851696615e-05,-1.2596625955237631e-05,0.0026954248967392303,-0.0007984597619717518,-0.0001422832634190549,0.0014977664457775479,9.263521444905623e-05,0.0009385066593366803,-9.695442807649628e-05,2.256052095462343e-05,-6.719277296314694e-07,242.1875
47,7.458237297449103,4.1395344919519435,-1.946445344796428e-08,8.533746422157945,299.9941085562541,0.0,0.00014268659957712777,-7.664106168845527e-05,-8.32418236942973e-06,0.0021436684108861958,-0.0006518761527829194,-9.540409359040829e-05,0.0012350778799977674,7.006048751146643e-05,0.0008304690076297047,-8.008121633993928e-05,1.9670577756330116e-05,-1.1250867671362105e-06,247.39583333333331
48,7.483350685713742,4.123662778845843,-1.9338270590422414e-08,8.548159592872489,299.9961017570095,0.0,9.609512754713793e-05,-5.3220188531429606e-05,-4.5318882699029205e-06,0.0015886580747281483,-0.0004747482865042055,-5.604696108913948e-05,0.0009541141106634206,4.65724228955389e-05,0.0007333363954737174,-5.535713826142138e-05,1.5519875300419237e-05,-1.3254507179697514e-06,252.60416666666666
49,7.501891498534685,4.110923001970558,-1.924754894781425e-08,8.558377767535147,299.9975714718615,0.0,5.74684108639757e-05,-3.2077948220596495e-05,-1.8324157427172876e-06,0.001116171045400922,-0.00029249759710287855,-2.394038596077312e-05,0.0007009673430247358,3.058044374105973e-05,0.0006408597229762561,-3.330838751799877e-05,1.0390803081954272e-05,-1.3133426438915638e-06,257.8125
50,7.516035681375796,4.101222357920962,-1.9179490982444988e-08,8.566217868397937,299.9986211166932,0.0,3.159926627468796e-05,-1.7512431128921217e-05,-6.165144852267122e-07,0.0007891627477874861,-0.00017076010764262617,-9.775707145457691e-06,0.0005242454138794614,1.9592914250184905e-05,0.0005550235852904562,-1.6374515561162893e-05,6.016472105891134e-06,-1.1654877505882192e-06,263.0208333333333
51,7.524825503958963,4.094838178977881,-1.912106599338694e-08,8.570938446468244,299.99925283996583,0.0,1.5602726763181534e-05,-8.51970598537863e-06,2.199829621851899e-07,0.0005698534152737376,-9.11697714430156e-05,1.1586828115145084e-06,0.000402408561174586,1.5341570746397464e-05,0.00047998172176469975,-5.752225692105859e-06,2.9685958193113427e-06,-9.597049336678549e-07,268.22916666666663
52,7.530987133364172,4.090829387027114,-1.907004688954244e-08,8.574466180005478,299.99963359070745,0.0,6.92792010210424e-06,-3.898102146808034e-06,4.2151233184888547e-07,0.0004437799576028714,-5.099257960315494e-05,3.210454971975526e-06,0.00033239247770359867,1.2065089404332694e-05,0.00041711720162644855,-1.3581546572918578e-06,1.1043455288752543e-06,-7.455297904246718e-07,273.4375
53,7.534182163503424,4.088476086920122,-1.9035374289601393e-08,8.576171053382943,299.99983318362126,0.0,2.8444713023497847e-06,-1.6136869542619413e-06,5.930128034106829e-07,0.0003707151889385081,-3.161802557743701e-05,5.94329254748802e-06,0.00028261898581132016,1.0707317163851181e-05,0.0003667265580531512,2.6629267631394154e-07,2.536843329615724e-07,-5.743081676138155e-07,278.6458333333333
54,7.536418510932704,4.086967442067566,-1.900568270624448e-08,8.577431377058922,299.99992448161913,0.0,1.0968748457616266e-06,-5.769497511817145e-07,6.258366406551851e-07,0.0003246429993027513,-2.2377794213564695e-05,4.341740266090523e-06,0.00025293701870354393,8.689629448272011e-06,0.00032862647823649977,4.837837159400785e-07,-2.9894722528601884e-08,-4.436913835250584e-07,283.85416666666663
55,7.537198469255038,4.085957524588056,-1.898975933480859e-08,8.577639695574817,299.99998254899043,0.0,6.20585699904456e-07,-2.8304392146483475e-07,6.825401727671042e-07,0.00029828201278285754,-2.208836987308643e-05,4.0420707551512756e-06,0.00022903650987852358,8.909353357828912e-06,0.00030142280497941296,3.6396322881422974e-07,-7.441238684547091e-09,-3.4257297557436597e-07,289.0625
56,7.537912725691231,4.085258402416562,-1.8971946866846234e-08,8.577940638354272,299.99998809696956,0.0,4.105421912089828e-07,-1.6824717024698016e-07,6.605129710048011e-07,0.0002700345842407832,-2.023141441854804e-05,1.7321959751424693e-06,0.0002127009847247159,7.145261841636038e-06,0.0002830281013130018,3.5217037115744424e-07,4.2015435614430155e-08,-2.5915857271867056e-07,294.2708333333333
57,7.538117861954813,4.084724620980708,-1.8978627682839853e-08,8.577867560986862,300.00001909493693,0.0,3.075596185477357e-07,-1.3085441757331377e-07,7.032404655432017e-07,0.00025072536813061614,-2.0881958064071377e-05,7.075690239530861e-07,0.00019952491531041977,8.224267895459134e-06,0.0002711352364971179,2.3058823880120777e-07,1.1906646746019165e-07,-1.8224735877948356e-07,299.47916666666663
58,7.53847565602229,4.08434402114557,-1.9012492355718514e-08,8.578006994632279,300.0000046379621,0.0,1.8747506394734483e-07,-7.446504226205094e-08,6.62449433889627e-07,0.00023545221622032749,-1.9635184856829043e-05,-1.3712195958653851e-06,0.00018898832948261514,7.079062833572629e-06,0.0002634928517002446,1.5603305850591597e-07,1.9691979486088404e-07,-1.0120678571895985e-07,304.6875
59,7.538461870686256,4.0839413188775415,-1.9085854649838886e-08,8.577805141520312,300.00003138902065,0.0,1.4098185621360545e-07,-6.324903084772189e-08,7.402184227298705e-07,0.00022526387742273323,-1.9165633520992665e-05,-2.512659665541843e-06,0.0001816146717212619,9.282668983996905e-06,0.00025834065912457986,1.0009554360545827e-07,2.849290246481151e-07,-1.8935666051892204e-08,309.8958333333333
60,7.538536189682989,4.08357867500733,-1.9166719326624122e-08,8.577699650984538,300.00000663459934,0.0,8.143832428748636e-08,-3.139900922456302e-08,6.903624579130575e-07,0.00021661365931913569,-1.7787196581133385e-05,-5.09758654184701e-06,0.00017671443256009667,9.583957434499497e-06,0.00025425231461172654,4.9233308492691286e-08,3.309730326282259e-07,7.010520403169756e-08,315.10416666666663
61,7.538366725750302,4.083166137204631,-1.918724833743334e-08,8.57735209695984,300.00003300578766,0.0,5.303553439838506e-08,-6.610637259234686e-09,7.678841010398975e-07,0.0002126052652317875,-1.5410351726143568e-05,-6.284685453593837e-06,0.00017484170868667845,1.2582494773108025e-05,0.00025060889950769395,1.0046333883252162e-07,3.9529614921728603e-07,1.6357375737465419e-07,320.3125
62,7.5383486478508255,4.082766113195487,-1.9352277154735644e-08,8.57714321678975,300.0000044316667,0.0,1.0550527963622024e-08,1.7575871868548732e-08,7.087454239187925e-07,0.00020736768674303426,-1.548064818620216e-05,-9.164855187878685e-06,0.000170825694288647,1.3615585078438186e-05,0.0002471994323273928,1.1113328964968249e-07,2.983097107794817e-07,2.6122757182410297e-07,325.5208333333333
63,7.53808541645079,4.082430041128371,-1.9542192619181325e-08,8.576747711065668,300.0000335411085,0.0,-1.9684975284234948e-08,3.634949164849769e-08,8.169248934427425e-07,0.0002061059770332526,-1.6006667987060955e-05,-1.0445755727982962e-05,0.0001667191935904932,1.6366027350539692e-05,0.00024373537011910672,1.9336354022692882e-07,2.084889915641668e-07,3.5753010103489537e-07,330.72916666666663
64,7.5380146266140775,4.0821186529046525,-1.9924137465552285e-08,8.576534374835937,299.99999704263945,0.0,-5.080278901102102e-08,6.263557990646388e-08,7.311874275550349e-07,0.00020371591706901834,-1.9283457074352815e-05,-1.3058935678802362e-05,0.00016388830030668314,1.7253447091047228e-05,0.00024017106822722133,2.4434493383810107e-07,1.3795856641593665e-07,4.511525795098685e-07,335.9375
65,7.537910204712973,4.081814744126152,-2.0046978350683886e-08,8.576296541223781,300.00003103933994,0.0,-8.06058056347501e-08,8.797091252561534e-08,7.725713633785796e-07,0.00020034168542221233,-2.169017480851497e-05,-1.4058169386353967e-05,0.0001612619133008848,1.917271775129638e-05,0.00023645642573778315,2.625646495894084e-07,8.321784672822674e-08,5.461877648599352e-07,341.1458333333333
66,7.537969047108295,4.081441338512089,-2.0184961075789225e-08,8.576169498594702,299.9999950967751,0.0,-1.0146378801111293e-07,1.1381493908363035e-07,6.955976068045935e-07,0.00019691097964619932,-2.2705651857974097e-05,-1.6282743456799326e-05,0.00015985216903232244,2.0044012468400237e-05,0.00023251389939180268,2.1146441935218834e-07,2.7753964415289186e-08,6.381877290335716e-07,346.35416666666663
67,7.538043302840946,4.081060101531661,-2.0301570061424974e-08,8.576051923689608,300.00003468675123,0.0,-1.0525387395713679e-07,1.1935180921557588e-07,7.45941676130769e-07,0.00019422089827158805,-2.317648775306591e-05,-1.7499162672565244e-05,0.00015785166144209785,2.1825292989638253e-05,0.00022841216339857128,2.1622087155267666e-07,-4.0379191663304124e-09,7.203637871426294e-07,351.5625
68,7.538269408935202,4.080629215136988,-2.0408139901667794e-08,8.576043915175287,299.9999923862963,0.0,-1.0744463455257226e-07,1.1749685210013122e-07,6.962743889220567e-07,0.00019056281301195192,-2.225561813840801e-05,-1.9553114890845732e-05,0.00015816359361948255,2.2861573090028182e-05,0.00022422781477750945,2.4091406625527295e-07,-3.8614248799541806e-08,7.894084535776507e-07,356.7708333333333
69,7.538456679857446,4.080222285844548,-2.049846075206802e-08,8.576012017771335,300.0000367824621,0.0,-1.0666197138725235e-07,1.1243674080131834e-07,6.889633746912077e-07,0.0001869653163126915,-2.108579119563558e-05,-2.0641563370407987e-05,0.00015728915936249227,2.4385778051899026e-05,0.0002199537335591067,2.6843725276550356e-07,-4.891259038372253e-08,8.445294403612009e-07,361.97916666666663
70,7.538718186648983,4.079815640484569,-2.058899993689677e-08,8.57604439269806,299.9999937961908,0.0,-1.1594285594625081e-07,1.0182083710260359e-07,6.851227177564124e-07,0.00018346415421228876,-1.9841698878431552e-05,-2.2351899544955698e-05,0.00015494396137380998,2.4755641384911947e-05,0.00021546662983706018,2.512405221179116e-07,5.5204660334835255e-09,8.87246639184204e-07,367.1875
71,7.539070511795414,4.079382856175707,-2.0663064482454656e-08,8.576143762270377,300.0000379651269,0.0,-1.1420424284699595e-07,9.836383790724612e-08,6.667551556215299e-07,0.00018016788780691383,-1.9045091956466484e-05,-2.329907555737215e-05,0.00015252321061338047,2.5539301118392205e-05,0.00021063573268691448,1.5966657464871896e-07,5.65067757994464e-08,9.211416476275611e-07,372.3958333333333
72,7.539524895338527,4.07888103406318,-2.0744643918681684e-08,8.576299937505535,299.99999048453634,0.0,-1.255314770174867e-07,8.741043451157673e-08,6.792410735808686e-07,0.00017687080549621233,-1.865655934371176e-05,-2.4404384298243885e-05,0.00014829458841729575,2.5084461696782032e-05,0.00020534519799897784,5.930786609795796e-08,8.072789242418117e-08,9.53791949875611e-07,377.60416666666663
73,7.539975226799611,4.078286130291534,-2.0788385444841823e-08,8.57640912975795,300.00003480891604,0.0,-1.082340479618736e-07,8.655789947370498e-08,5.847906537357353e-07,0.00017523326457825585,-1.914910393750691e-05,-2.497066250912107e-05,0.00014462489882734186,2.5522702774496326e-05,0.00019963722246962422,-9.156883687961816e-08,1.1564502565957443e-07,9.900824918521551e-07,382.8125
74,7.540430194267852,4.077661920754466,-2.0792241671145334e-08,8.576510545810864,299.999990348227,0.0,-1.2430735009146325e-07,7.568453752498981e-08,6.037349090288283e-07,0.0001734396914370129,-1.8324951026685628e-05,-2.5262448576827176e-05,0.00013956220646465175,2.4586221933429253e-05,0.00019368883075632654,-2.225644518153288e-07,7.700396025703325e-08,1.0278491628732312e-06,388.0208333333333
75,7.540847918376846,4.0771222264874405,-2.0732065238766333e-08,8.576622307419953,300.00003408148285,0.0,-8.656266999846179e-08,8.138056378312333e-08,5.127661906112708e-07,0.00017096102955239728,-1.7301289775078714e-05,-2.5331663023693198e-05,0.00013630088623985037,2.4687570331955443e-05,0.000187655037526974,-3.1402588171472714e-07,5.465340173184651e-08,1.0573185368397852e-06,393.22916666666663
76,7.541341298321635,4.076521957292001,-2.0644218215067498e-08,8.576774319499929,299.99998882590364,0.0,-1.062917855991923e-07,8.361472688516933e-08,5.630327894378494e-07,0.00016772859928508604,-1.593342282237838e-05,-2.5343701291520045e-05,0.00013203028440817585,2.384418632237744e-05,0.00018143147075629125,-2.9718065954654973e-07,2.6618298892316238e-08,1.0724177134762903e-06,398.4375
77,7.54176565852142,4.075987280772786,-2.062649059007823e-08,8.576897678877552,300.0000296731549,0.0,-6.758406249318237e-08,7.751647051317102e-08,4.3513658404482113e-07,0.0001646257371680381,-1.6864336326115405e-05,-2.5299044173617922e-05,0.00013125162981192655,2.4400120049213253e-05,0.00017464431491503188,-3.073757445805531e-07,2.022905253993946e-08,1.074839611251976e-06,403.6458333333333
78,7.542241141880064,4.07540266733633,-2.0353253679650738e-08,8.577039017154267,299.9999895720225,0.0,-9.093199041208714e-08,8.142216566002766e-08,4.962673962973749e-07,0.00015987344022196757,-1.7531546284472396e-05,-2.4954386554431356e-05,0.0001300347677313814,2.4317192322427533e-05,0.00016713412613817,-2.4447169633301193e-07,2.762181143324729e-08,1.0708632685246873e-06,408.85416666666663
79,7.542651591149449,4.0748856068217485,-2.0036915756034416e-08,8.57715349897093,300.00002533603424,0.0,-6.144357685109073e-08,7.071361058184125e-08,3.9753879208696785e-07,0.00015689553567128272,-1.68801558912237e-05,-2.4233804227853427e-05,0.00012818203248493262,2.4988861654100964e-05,0.0001590270248861529,-1.7264480150122702e-07,8.144359842491593e-08,1.0607956238426917e-06,414.0625
80,7.543168702977764,4.074291788442764,-1.9371743316980985e-08,8.577322206430889,299.99998273483857,0.0,-7.484560404280812e-08,8.873605368919713e-08,4.512130231874279e-07,0.00015213444084882015,-1.769151802089934e-05,-2.3192316374463924e-05,0.00012568848720898658,2.49120008816317e-05,0.0001510047535082363,-1.679636766784164e-07,7.45430560028656e-08,1.0441790113771337e-06,419.2708333333333
81,7.543465950419069,4.073917536654318,-1.9144411019067626e-08,8.577402036843557,300.00001463410945,0.0,-3.48875981755662e-08,7.286723813970256e-08,3.129235491039496e-07,0.0001457688085625854,-1.884927343016829e-05,-2.1578628399518045e-05,0.00012069213011653608,2.4992638297212104e-05,0.00014352810825840804,-1.77939091472256e-07,1.1362682070161893e-07,1.0226664945051077e-06,424.47916666666663
82,7.543949590006884,4.0734228343663235,-1.890098053618975e-08,8.577586983444775,299.9999812499876,0.0,-5.017128894300811e-08,7.685274931255419e-08,3.466206100992209e-07,0.0001414401009360879,-1.890047916068002e-05,-2.0374488196624784e-05,0.00011820422410554602,2.4773864628276157e-05,0.0001366525522453681,-1.9775497908864424e-07,1.1246801709753578e-07,9.943939316308698e-07,429.6875
83,7.5442416187972015,4.073008221991166,-1.8754734393021232e-08,8.577644503867223,300.0000113418203,0.0,-2.702997237515551e-08,6.459948013854566e-08,2.4817396582070284e-07,0.00013704904702835347,-1.7934490020595537e-05,-1.8437030517225082e-05,0.0001146974833476861,2.377684571753344e-05,0.0001304030050615897,-2.1164415580695886e-07,1.5158357450324237e-07,9.594507095857886e-07,434.8958333333333
84,7.544490271456259,4.07243888823162,-1.8630115992420586e-08,8.577589606142114,299.99997939517203,0.0,-4.219180557018436e-08,6.509981678604355e-08,2.7885000067146656e-07,0.0001336375032227264,-1.7854070414193108e-05,-1.713152533886591e-05,0.00011180982597101801,2.2768819834494332e-05,0.00012481760445952602,-2.755254165540212e-07,1.6752885825958712e-07,9.195333882457398e-07,440.10416666666663
85,7.544629530673521,4.071970410621132,-1.862160862285888e-08,8.577489250144323,300.00000864166265,0.0,-1.7103411871301162e-08,5.283898383811564e-08,1.811836770966638e-07,0.00013128157462939912,-1.867919568052961e-05,-1.501447045068212e-05,0.00011008661440231467,2.1233959834011203e-05,0.00011971383892111871,-3.231895517246592e-07,2.128165898083523e-07,8.750295765665332e-07,445.3125
86,7.544787684581479,4.071414800465626,-1.8593163093431376e-08,8.577365373105508,299.9999815899961,0.0,-2.8812541908505064e-08,5.905782172205954e-08,2.1920609691315127e-07,0.00012995154367123138,-1.875609545079345e-05,-1.3662408522486456e-05,0.00010781513704455078,2.019452793063444e-05,0.00011484386433834228,-3.560308320379823e-07,1.9989470261511676e-07,8.283672287322235e-07,450.5208333333333
87,7.544925138940982,4.070986540466983,-1.865095097626091e-08,8.577283707745963,300.0000076762079,0.0,-4.4256337347809886e-09,4.661777624713769e-08,1.4595735802307317e-07,0.00012845661953756455,-1.768945414770807e-05,-1.2244200202432565e-05,0.00010461860794225663,1.8848105861060955e-05,0.00011006974020681168,-3.37386952752742e-07,1.735527806877419e-07,7.806790285591234e-07,455.72916666666663
88,7.545144588376338,4.070569893594217,-1.85862320872743e-08,8.577279805312733,299.9999819821795,0.0,-1.6261469922091412e-08,5.184899574492942e-08,1.8799384225646653e-07,0.00012578259962531385,-1.49122781112351e-05,-1.1105840020835216e-05,9.90231449907245e-05,1.8114259011006168e-05,0.00010532791952852382,-2.5784327736951745e-07,1.5729930053256354e-07,7.343650165517316e-07,460.9375
89,7.545324322853399,4.070229078512297,-1.8721505568269056e-08,8.577276542164748,300.0000041085969,0.0,4.1831409454640025e-09,3.537797029573396e-08,1.0780254782389264e-07,0.00012216283981125498,-1.2581151704497784e-05,-1.0105794458509525e-05,9.529139538947705e-05,1.712409127744766e-05,0.00010071824253015765,-1.1483227840932663e-07,1.5192839927674695e-07,6.906151050524687e-07,466.1458333333333
90,7.545513709553416,4.069782731870554,-1.9107660658118642e-08,8.577231038695812,299.9999841977486,0.0,-1.8295211858877285e-09,4.1321791951426046e-08,1.4012723233852023e-07,0.00011968906980052807,-1.1310210297564026e-05,-9.219443024971495e-06,9.253720203424522e-05,1.651332066080995e-05,9.647242076964706e-05,-4.190551174089046e-08,1.656711532778942e-07,6.498834607348443e-07,471.35416666666663
91,7.5456918176813295,4.069387114040909,-1.9899763023783755e-08,8.577199389229007,300.0000031971342,0.0,7.053781162902365e-09,2.365707181399753e-08,8.033127016817346e-08,0.00011471550202867203,-1.0163057803952208e-05,-8.490740818717214e-06,9.074042403370974e-05,1.5719985077569876e-05,9.281194510253026e-05,-2.861345884118133e-09,1.609414912537643e-07,6.113083275908251e-07,476.5625
92,7.545914010936002,4.0689620847840695,-2.07388603962693e-08,8.577193732889198,299.99998551235257,0.0,-3.3248951333172536e-10,3.155752865908071e-08,1.1003248269566758e-07,0.00011022446280460365,-9.166985340141604e-06,-7.878597197878207e-06,8.82909958609017e-05,1.4907440866860494e-05,8.988358340529775e-05,1.7322788877574495e-08,1.4157537539761654e-07,5.755348944703765e-07,481.7708333333333
93,7.546063051764213,4.068627332442266,-2.0847308241571398e-08,8.577166324900194,300.0000007063688,0.0,-9.734665834927147e-10,1.2948729910827282e-08,5.6675004688229706e-08,0.00010495995369585347,-7.711585379271282e-06,-7.65870869485682e-06,8.568672247067025e-05,1.4133581580616356e-05,8.755717004273768e-05,-5.224899709079293e-09,8.89350687221248e-08,5.442341361513948e-07,486.97916666666663
94,7.546281001385739,4.068214890876159,-2.2586393490460076e-08,8.577163225208599,299.99998748914027,0.0,-1.1055796000840435e-09,2.303281025809167e-08,7.92279298882825e-08,0.00010165695237380924,-5.775565713394782e-06,-7.354340169821329e-06,8.2580519703273e-05,1.337145214952651e-05,8.551070471336611e-05,-1.3370085553539868e-08,9.101571804271589e-08,5.174683025485821e-07,492.1875
95,7.546485804109713,4.067907002310115,-2.4647675598033453e-08,8.577196421409516,299.99999943108344,0.0,-1.1539438839565794e-09,1.0998655189506776e-08,4.6663926724313136e-08,9.751797412927095e-05,-4.598304166966051e-06,-7.31337318119665e-06,8.053024573910389e-05,1.279383522798145e-05,8.339404478567198e-05,-2.2130021109609286e-08,1.1502119724218883e-07,4.940273421989922e-07,497.3958333333333
96,7.546801326456472,4.067499163211522,-2.866799431340343e-08,8.577279599014574,299.9999872153686,0.0,5.080751171488481e-09,1.3361976121226867e-08,6.211455594931617e-08,9.329182608448331e-05,-3.934890022618303e-06,-6.926496011672242e-06,7.770634488713847e-05,1.1983622822363304e-05,8.113071901509626e-05,-2.1669222139923207e-08,1.348217133536093e-07,4.7187305498078227e-07,502.60416666666663
97,7.5470776181417145,4.067224839911697,-2.9768041497379635e-08,8.577392750565682,299.99999684424705,0.0,2.2289514993049266e-09,4.868514715465213e-09,2.9732743841858158e-08,9.06980014492421e-05,-3.19185192194833e-06,-6.590039075980418e-06,7.620089898207973e-05,1.0982308087123198e-05,7.872154099590989e-05,-2.721004898842743e-08,1.481451436434737e-07,4.5149030194487606e-07,507.81249999999994
98,7.547444272090728,4.06687310978091,-3.096135659685544e-08,8.577550604064042,299.9999877112886,0.0,5.6600581936851405e-09,1.1184746902293935e-08,3.523121064809088e-08,8.971452448432589e-05,-3.5216883642707573e-06,-6.172416313145468e-06,7.439642849675415e-05,1.0185314825294645e-05,7.60894980302823e-05,-4.253308022225917e-08,1.1719150170604206e-07,4.3128834645589386e-07,513.0208333333333
99,7.547645152120648,4.06673470401583,-3.184150656040398e-08,8.577664480347172,299.99999707426906,0.0,3.61164117758432e-09,3.5945092710125134e-09,1.861515068180852e-08,8.992618142233731e-05,-3.69670337313654e-06,-5.971300098491611e-06,7.334279969570692e-05,9.237220965591861e-06,7.326987487817362e-05,-5.1777185303476086e-08,1.1221245005969944e-07,4.0981644357788893e-07,518.2291666666666
100,7.547779991292684,4.066545033393674,-3.24698829870416e-08,8.577692773345087,299.9999883324463,0.0,5.310787337894951e-09,1.2395642517376232e-08,2.2615145325348006e-08,8.898135089469723e-05,-3.905532721097477e-06,-5.660838722615475e-06,7.014580497039142e-05,8.780364080920515e-06,7.032399329619533e-05,-9.077256037748728e-08,1.1089886179318892e-07,3.872596983297457e-07,523.4375
101,7.547812288506953,4.066386236244997,-3.294656423224403e-08,8.577644245348889,299.9999986824059,0.0,7.148906067792746e-09,1.6418695558611521e-09,6.768371013064946e-09,8.722922962188862e-05,-5.046460521487905e-06,-5.298032808190138e-06,6.62259080502776e-05,7.937546911072356e-06,6.730165842372548e-05,-1.3903855976204957e-07,1.1129804743206998e-07,3.638686715133161e-07,528.6458333333333
102,7.547906699447157,4.066182495289813,-3.323739441704861e-08,8.577628820380214,299.99999056356916,0.0,8.110413448504383e-10,9.471359671727569e-09,1.3758552609746627e-08,8.450617943276183e-05,-6.710184114276535e-06,-4.897186129602498e-06,6.250946522116389e-05,7.217468699669567e-06,6.428618766055736e-05,-1.733865587010707e-07,1.0087674564520335e-07,3.3874821040762307e-07,533.8541666666666
103,7.547898080886056,4.065967078195311,-3.3458607716889676e-08,8.577518734426759,300.0000003129536,0.0,8.161646000002214e-09,1.162925700769159e-09,2.3005563422491752e-09,8.136208877104668e-05,-6.830201053431494e-06,-4.456744534657991e-06,6.0431158284260297e-05,6.261778892732329e-06,6.11932321234409e-05,-1.8704501734864056e-07,7.932831803101883e-08,3.1150872326063266e-07,539.0625
104,7.5479412582386525,4.065760321348781,-3.350776310615761e-08,8.577459878573267,299.999991502791,0.0,-1.3030103873194235e-09,2.2871070514465712e-09,9.318343247553869e-09,7.91986078495564e-05,-5.213848160661132e-06,-4.171352323197981e-06,5.809643175761164e-05,5.484613896286956e-06,5.7792444742325905e-05,-1.840969410404051e-07,5.379917863838105e-08,2.8161186863321795e-07,544.2708333333333
105,7.547906542133903,4.065551115208314,-3.3583199549629036e-08,8.577330878538529,300.0000005633092,0.0,5.202475760084759e-09,1.2014763322427144e-09,-6.6550101206975195e-09,7.687883356017708e-05,-3.182592630267079e-06,-3.888814567209107e-06,5.646007005931954e-05,4.90513909186836e-06,5.4024354171609646e-05,-1.8908831657371713e-07,3.0245951880152735e-08,2.496359844387873e-07,549.4791666666666
106,7.5479797187583255,4.065347822801985,-3.373041734017834e-08,8.577299617518285,299.9999931103073,0.0,-3.4667945584106517e-09,3.2886935945778543e-09,9.214725649158874e-10,7.560753307253121e-05,-1.3021930478682504e-06,-3.4945266592245306e-06,5.54059638495174e-05,4.46919089172879e-06,5.002172806242672e-05,-1.9368603003175196e-07,2.4819055191170882e-08,2.162341097896316e-07,554.6875
107,7.547944539442501,4.065163864210381,-3.402338183535256e-08,8.577180248969718,300.00000250423034,0.0,4.8808977028891786e-09,1.2228399677771986e-08,-1.1860450261010927e-08,7.338969528565819e-05,2.934307429812209e-07,-3.2111322746946945e-06,5.4857657209818495e-05,4.1539593193334784e-06,4.5939595910564893e-05,-1.8838479664486858e-07,1.926426136542563e-08,1.8328559832697466e-07,559.8958333333333
108,7.54797219943505,4.064974361758327,-3.441441321048728e-08,8.577114154829015,299.9999953618209,0.0,-7.334610118294346e-09,1.4188061443453352e-08,-1.1970202911430928e-09,7.126005394139563e-05,1.9600091326714625e-06,-2.8290076310728205e-06,5.5054243716686364e-05,3.6910152352256464e-06,4.187395268812981e-05,-1.739632406895457e-07,4.879798524827599e-09,1.5279449356173677e-07,565.1041666666666
109,7.547823349699162,4.064834243313821,-3.462951776699012e-08,8.576915120474595,300.0000047266312,0.0,2.202089540020991e-09,2.2209054499608783e-08,-1.6225088439052358e-08,6.786667134324889e-05,3.1952911396808217e-06,-2.479694175888178e-06,5.5173970236152686e-05,3.4773817453869197e-06,3.78304966448351e-05,-1.3271986588354785e-07,-3.1943564779541426e-09,1.2591228559780975e-07,570.3125
110,7.547842378479465,4.064669049818106,-3.5469727635911734e-08,8.576853408900526,300.0000002745039,0.0,-1.5948072039261606e-08,2.7767823865571558e-08,-4.266820378194329e-09,6.508831879755531e-05,2.9805060290718253e-06,-1.850354491131774e-06,5.547910482145233e-05,2.910175617740878e-06,3.3780742942551045e-05,-1.1752886303232909e-07,-2.9477342238639823e-08,1.0314521952311236e-07,575.5208333333333
111,7.5477764428701475,4.064496899290159,-3.636897837369023e-08,8.576714128268732,300.0000095057572,0.0,3.676405040742332e-09,3.4226505424329794e-08,-1.810686754241191e-08,6.258549044303052e-05,2.143454166879035e-06,-1.4977305618541574e-06,5.733098920078213e-05,2.7178994351097704e-06,2.9737774346465533e-05,-9.910260475205231e-08,-4.909341190489762e-08,8.371425327437902e-08,580.7291666666666
112,7.548001920099542,4.0642503273817425,-3.8134417329832896e-08,8.576796903947113,300.0000059791533,0.0,-1.1118699921617228e-08,4.033133997180475e-08,-1.205878915551289e-09,5.989867122401892e-05,1.0635809153595636e-06,-1.1076189551605913e-06,5.783779798315206e-05,2.381616705841654e-06,2.572196859606423e-05,-1.1582191584553772e-07,-6.061947411358436e-08,6.706549986493897e-08,585.9375
113,7.548244039189784,4.0642052775538575,-3.83993658117622e-08,8.57699077930154,300.0000182591474,0.0,-5.123045637832461e-09,5.73634620307622e-08,-2.3224911516049525e-08,5.7146144829717946e-05,5.253154671556788e-07,-1.0103099736381675e-06,5.8637349621352954e-05,2.3488162815630693e-06,2.181635018033447e-05,-1.0189772282706667e-07,-4.10628760615133e-08,5.167801703635468e-08,591.1458333333333
114,7.548599749784046,4.064079588324494,-3.833055290592447e-08,8.577247685139737,300.0000181182352,0.0,-1.1388689256408825e-08,5.4439965735822413e-08,-9.99516746535857e-10,5.570305078652433e-05,2.2708993391177136e-07,-8.23322528253356e-07,5.939091147514636e-05,2.208450648482127e-06,1.8085344559064823e-05,-9.065894164583602e-08,-3.544695536427225e-08,3.727640488679715e-08,596.3541666666666
115,7.548912334947112,4.06421602411333,-3.7461024483354555e-08,8.577588600770142,300.00004195830167,0.0,-2.0023227177398047e-08,7.529065569622854e-08,-2.5924224183181916e-08,5.450787764426482e-05,1.0989462406892085e-07,-9.693199835248936e-07,6.009643718436034e-05,2.5379140977486125e-06,1.4481331746462785e-05,-9.892629077200804e-08,-3.985426148096188e-08,2.4597730858753686e-08,601.5625
116,7.549336744351983,4.064214346737957,-3.65905874170566e-08,8.577961890396333,300.0000600292266,0.0,-1.299893903266657e-08,8.528804512487745e-08,-1.203853915097351e-09,5.288633554523909e-05,2.0095188028094916e-07,-7.280771577954365e-07,5.9444705166502775e-05,2.3420542631245077e-06,1.1025580182006857e-05,-1.0637888303577155e-07,-8.056809790274408e-08,1.4172776979938345e-08,606.7708333333333
117,7.549686912269611,4.06452314103977,-3.4926710892022645e-08,8.578413088909683,300.00011572681694,0.0,-4.904679891574617e-08,1.0673261981035404e-07,-3.4375170057314064e-08,4.899803397371238e-05,4.6339576482629183e-07,-6.947206490162453e-07,5.7464534455010105e-05,2.127564818131021e-06,7.985000539627503e-06,-9.814590249423475e-08,-8.80927624768832e-08,6.569972875584149e-09,611.9791666666666
118,7.5502875647406436,4.064449359584839,-3.3769118605499154e-08,8.578910207122501,300.0002243011128,0.0,-5.17433446560425e-08,1.7181489206900085e-07,-1.0653738638931322e-08,4.4541422530908956e-05,1.723435112847776e-06,-4.286750280596468e-07,4.9402354530918375e-05,1.506901658438206e-06,5.759972609051504e-06,-6.756101025230651e-08,-9.112183548390523e-08,2.291720602855921e-09,617.1875
119,7.550623052136851,4.064773695713287,-3.2128253639385645e-08,8.579361952383287,300.00049167959554,0.0,-1.249680880766614e-07,1.0833825906333715e-07,-3.597754932135995e-08,3.928842584773052e-05,3.615605879869064e-06,-8.219141773228758e-07,3.8819665588171284e-05,8.515066822068692e-07,4.563730712656246e-06,-8.11558751153991e-08,-8.146569547183127e-08,7.213757256155743e-10,622.3958333333333
120,7.551560560864874,4.064681596438474,-3.226532872300722e-08,8.58014472565923,300.0011769291628,0.0,-3.145759850229283e-07,-1.8882650283296623e-08,-2.0694846177034593e-08,3.0545053249062616e-05,-1.8420597580690832e-06,-1.016537550499844e-06,2.9455409722698926e-05,5.415858557754872e-07,4.050797229805022e-06,-2.9349297234781852e-08,5.026808178840609e-09,4.3215011732974313e-10,627.6041666666666
121,7.551683110919928,4.0644312513638505,-3.0952724432916135e-08,8.580135832869159,300.00288814696967,0.0,-2.3279718826101777e-07,-1.3764517017018726e-08,-2.232277149294059e-08,2.3675974865827718e-05,-1.4133987940612883e-06,-7.271998381032628e-07,2.0769199299372314e-05,1.9523177358660137e-07,3.870814118028686e-06,1.7128817361109074e-09,1.7910715603577774e-08,3.615290122963981e-10,632.8125
122,7.551581357920296,4.0642102547181596,-2.7444213562881725e-08,8.579940031437044,300.0075213430516,0.0,-1.3854224297103868e-07,-1.5236068641629605e-08,1.106934700527808e-09,2.2607491725669344e-05,-6.14150873857569e-07,-6.355811067215474e-07,1.5467083953019063e-05,1.6678888098462735e-07,3.871031755821184e-06,-4.6123523533753395e-09,7.493398548914832e-09,3.169261910946476e-10,638.0208333333333
123,7.551607996910863,4.064051452230351,-2.0266273415732732e-08,8.579888536026221,300.02166232660977,0.0,4.399902572850337e-08,-2.2756944489405022e-07,-1.2785085443581528e-08,1.6340354142167055e-05,-6.543349675202231e-07,-5.268057265172121e-07,1.0642122314019218e-05,1.0250028181045575e-07,4.012297631904408e-06,3.065054225482432e-10,7.239994419075325e-09,2.5787636915505134e-10,643.2291666666666
124,7.551746100467236,4.06401226670826,-1.2924426782295012e-08,8.579992081288806,300.07516655324133,0.0,4.7920385383929545e-06,-1.6938960797439207e-07,-1.6467526708662627e-07,1.249115087663978e-05,-1.1721116433602055e-07,-3.860731798008477e-07,5.352603708485248e-06,7.516015860982329e-08,4.1733016551150916e-06,-1.6625119186832428e-09,-8.525805630357146e-10,2.0768467179456957e-10,648.4375
125,7.551773666214071,4.063937872760983,-1.2950593910635668e-08,8.579981381355328,300.29948854772704,0.0,3.895734039023485e-06,-8.817172029345378e-07,-2.964661830142372e-07,1.001599636324248e-05,4.894764245501684e-08,-3.700107256617505e-07,3.343437426588319e-06,4.327249077267445e-08,4.325283127520683e-06,4.502945265482593e-10,-4.536182034021484e-10,1.9430166630241385e-10,653.6458333333333
126,7.5517832248875525,4.063927016792473,1.7788003604552937e-09,8.579984748213485,300.6937199638739,0.0,-1.2396356615562016e-05,-3.1174282446667195e-06,-3.5323056182070157e-07,1.2577523576351806e-05,5.447554118766541e-07,-3.407066559166454e-07,3.6244570233141847e-06,6.103024760610474e-08,4.400401138301228e-06,-3.781698676475735e-09,6.17635878039173e-10,1.7918792178659927e-10,658.8541666666666
127,7.551778595093823,4.063930385920747,1.9825388690132877e-08,8.579982407949213,301.0846149041167,0.0,-3.209938737576959e-05,-5.075177272210597e-06,-3.052551127513306e-07,1.887215365909574e-05,1.2150289116062596e-06,-2.6873317063873e-07,5.102909722260377e-06,9.389395649971212e-08,4.3743332577905516e-06,-8.52403376504271e-09,-5.458620779552707e-10,1.4221425203687816e-10,664.0625
128,7.551795076497484,4.06392974807549,5.40248517418592e-08,8.579996823212698,301.58055081760426,0.0,-4.694780429285937e-05,-5.6223352456007575e-06,-2.4582604635363083e-07,2.8723771193710755e-05,1.9939485614492124e-06,-2.583529310393981e-07,7.3416367116329835e-06,1.0295796686500592e-07,4.2557133210866245e-06,-1.341243358199763e-08,-4.657856055436971e-10,8.157619480458346e-11,669.2708333333333
129,7.551801686843824,4.063936411037252,6.13246117923518e-08,8.580005929295261,301.9644461286406,0.0,-4.500786178970327e-05,-4.477701732316769e-06,-2.478719654497694e-07,3.989900578808433e-05,2.6918882270896857e-06,-2.7644218834830016e-07,9.956412859168364e-06,1.1806703333871652e-07,4.0747194179003034e-06,-2.151917862629208e-08,-1.8716697602387125e-09,-2.1738990685877377e-11,674.4791666666666
130,7.551809198849842,4.063938639748959,6.948162497426042e-08,8.580013728554693,302.3744234690572,0.0,-4.635746367914046e-05,-3.793182502071438e-06,-2.1967246803620387e-07,5.0139689630144496e-05,3.155648601014876e-06,-2.442452108914119e-07,1.1667867575008835e-05,1.2522855936755558e-07,3.872898733693172e-06,-2.6430792526642527e-08,-1.2842836378179618e-09,-1.5563666416355662e-10,679.6875
131,7.551816403551046,4.063938137697431,7.451026295233392e-08,8.580019969656233,302.7914780776639,0.0,-3.891374263146992e-05,-2.54552848759969e-06,-2.3431132402234348e-07,5.9404433250586295e-05,3.437946116390578e-06,-1.9481855414960205e-07,1.3095620698141576e-05,1.1288527447887992e-07,3.682727692983176e-06,-2.7719458910157696e-08,3.7706253347633844e-10,-2.933169897867024e-10,684.8958333333333
132,7.5518204528865835,4.063937529778169,7.763940408424671e-08,8.580023407020509,303.2083178921635,0.0,-2.7239223864208314e-05,-1.5236554483026407e-06,-2.397250719197058e-07,6.6253112970633e-05,3.7050336555371687e-06,-1.7037528813283136e-07,1.4445771630360277e-05,1.0009311820178073e-07,3.5290412905280734e-06,-3.035348803331041e-08,-1.0575747301062884e-09,-4.1566756883671244e-10,690.1041666666666
133,7.551823167878566,4.063936733965099,7.959896573580405e-08,8.580025535961925,303.6249933049777,0.0,-1.3343253242324674e-05,-4.7021624003412844e-07,-2.061507652590764e-07,7.02790678360498e-05,3.90341607904807e-06,-1.4470703827483276e-07,1.5282467047515426e-05,8.704619631809651e-08,3.432324623327027e-06,-3.139136213359338e-08,2.793884052063197e-09,-5.13928108433588e-10,695.3125
134,7.551823366074293,4.06393541123538,8.068788195715039e-08,8.580025113987464,304.0416727525328,0.0,1.559262894945871e-06,6.430505672755858e-07,-1.7040801926556464e-07,7.13824245251074e-05,3.899856770396504e-06,-1.0719189331128794e-07,1.5168707349075046e-05,6.954129033921418e-08,3.4040425127410403e-06,-3.1078054547721526e-08,3.1209819399475163e-09,-5.896363866694039e-10,700.5208333333333
135,7.5518219696114635,4.063933497118045,8.123929268255038e-08,8.580022956191305,304.4583439586018,0.0,1.617521823402683e-05,1.5190800717064179e-06,-1.4231117781549213e-07,6.969100246533815e-05,3.504671418908087e-06,-7.837577228103262e-08,1.423538752778228e-05,4.661680251531787e-08,3.4455703201019574e-06,-2.839851887100651e-08,2.666885426188428e-10,-6.553484469155029e-10,705.7291666666666
136,7.551819161764154,4.063931941525239,8.111290259347835e-08,8.58001964868397,304.8750251377374,0.0,2.9010588105474074e-05,1.8062558487715643e-06,-1.1463023892595185e-07,6.535287918358584e-05,3.042802929925139e-06,-6.027722635245268e-08,1.2935645957387302e-05,2.3344777890081044e-08,3.5500015486764956e-06,-2.067296130379012e-08,5.361124061670169e-10,-7.20323278099621e-10,710.9375
137,7.551815204451411,4.063931733410647,8.081009147829145e-08,8.58001590465081,305.2916899278596,0.0,3.906329770218124e-05,2.3185496063261366e-06,-9.54850660491726e-08,5.852379025830118e-05,2.8365269518712398e-06,-4.950073996597152e-08,1.1733985919573024e-05,5.001058536100035e-09,3.7041721332490726e-06,-1.4154547573958372e-08,4.315187877718314e-10,-7.823905119225171e-10,716.1458333333333
138,7.551810878649183,4.063931258876945,8.064229107426517e-08,8.58001172725425,305.7083633347745,0.0,4.548018977128776e-05,3.486132571342731e-06,-1.0647429057791282e-07,4.989991526117536e-05,2.817043065982485e-06,-3.979420818043821e-08,1.0827996549348159e-05,-8.20092736556652e-09,3.889147900320372e-06,-9.713598849999546e-09,-1.1353198390225073e-10,-8.25354556053613e-10,721.3541666666666
139,7.551805318612623,4.063928736530394,8.07621969144094e-08,8.580005537658907,306.1249872988715,0.0,4.770747997252792e-05,4.355836128630744e-06,-1.315232213362413e-07,4.021802644550273e-05,2.6783059786535072e-06,-2.352493590958052e-08,9.966030416035532e-06,-1.1889785046606896e-08,4.081497056847324e-06,-5.414151465426001e-09,-7.245910585366701e-10,-8.252886327236921e-10,726.5625
140,7.551797122685554,4.0639246065864745,8.100148627074167e-08,8.579996249952362,306.5418134195119,0.0,4.488987536858705e-05,4.120028482599128e-06,-1.475823880083628e-07,2.9867235241716532e-05,2.2581330176696243e-06,-3.4176428001958973e-09,8.614325341396988e-06,-4.486256605363027e-09,4.254986469864189e-06,-3.3332103628524557e-09,-1.392484853506883e-10,-7.687009049391982e-10,731.7708333333333
141,7.551787748635265,4.063919626289184,8.077042052749184e-08,8.5799854542212,306.96102182726383,0.0,3.6031418967465025e-05,2.8986011702751776e-06,-1.5983148610843122e-07,1.9620252548235554e-05,1.5893096517273918e-06,1.8442679761062113e-08,6.404430294676093e-06,9.640751461814946e-09,4.379593092967761e-06,-3.576292234541692e-09,1.7343914999088458e-10,-6.668173635374728e-10,736.9791666666666
142,7.551783486167276,4.063914779004744,8.145452118360417e-08,8.579979193053349,307.3785197568718,0.0,1.8337610497085184e-05,1.3961594121923803e-06,-1.424121153131508e-07,1.128882970372084e-05,8.562508631448323e-07,4.163760658666651e-08,3.7686159446217104e-06,2.745030451672333e-08,4.425383133491727e-06,-2.552166842749254e-09,2.8117209511707692e-11,-5.501903594001425e-10,742.1875
143,7.5517922018359105,4.063911092007447,8.240309264764578e-08,8.579985000684754,307.72022821695833,0.0,1.3130101682025684e-06,2.9117955780660054e-07,-1.0766166042324823e-07,6.602205891779425e-06,2.540447958692763e-07,5.870278841313889e-08,1.8212705514236514e-06,4.2953737851997435e-08,4.375623203789692e-06,-9.58862994330643e-10,2.5514054300547124e-11,-4.484250873195148e-10,747.3958333333333
144,7.551822004875419,4.063904822085502,8.369645999010005e-08,8.580008321991857,307.9657648670308,0.0,-3.813761157658283e-06,-7.810141684458569e-08,-3.501034876810492e-09,6.365807778404166e-06,1.6853880362766891e-09,6.184062462663669e-08,2.249961971217731e-06,4.774738315679758e-08,4.252390071148232e-06,1.1220038660454989e-10,-2.3695687778383966e-10,-3.7440839216063357e-10,752.6041666666666
145,7.551834613909177,4.06390853689356,8.309949180453162e-08,8.58002120677925,308.0110194399529,0.0,-5.687846992879425e-07,-3.8114391147133946e-08,-3.5916293442716996e-08,6.099900333783751e-06,1.5213360126099655e-08,4.499275918327235e-08,2.027551282998876e-06,5.188139458978063e-08,4.089241728961381e-06,6.627144424108847e-11,-1.838291035766514e-10,-3.207108404141969e-10,757.8125
146,7.551833850735508,4.063913869724696,8.206389196134112e-08,8.58002305280611,308.0305241786536,0.0,-5.325955646876966e-07,-3.5156032941737416e-08,-8.456941194779018e-09,5.2709015199189654e-06,-1.034618086220959e-08,5.5353966580623155e-08,1.2460323846502337e-06,5.271655846427215e-08,3.904437554592844e-06,3.1385859277279675e-10,5.2101010793513445e-11,-2.861497058074462e-10,763.0208333333333
147,7.551835564953561,4.063913842542957,8.048040187216532e-08,8.580024520543056,308.04509838964043,0.0,-4.6498670712705944e-07,-3.532154398897631e-08,-5.6686349237741084e-09,5.005774002049303e-06,-1.4529803293982232e-08,5.7546534126549544e-08,1.069150621340405e-06,5.325381321016478e-08,3.7332763601396284e-06,2.755955349586677e-10,-1.938538040353107e-11,-2.480032962136491e-10,768.2291666666666
148,7.551835936187647,4.063913776739896,7.869669508345152e-08,8.580024805249174,308.05851037460593,0.0,-4.2947099981488436e-07,-3.775466688996085e-08,-4.227993799653473e-09,4.8004450743936895e-06,-1.0357647395157973e-08,5.906389525171248e-08,9.606937216504658e-07,5.2591812063591956e-08,3.5688297882228638e-06,3.136066020216476e-10,-1.2281378503554094e-11,-2.1783964054470897e-10,773.4375
149,7.551836082154319,4.063913647389845,7.694408671218416e-08,8.580024864497224,308.07160385265377,0.0,-4.071368275475778e-07,-4.1051257341123674e-08,-3.347493246575519e-09,4.616800072967157e-06,-1.0304614933835174e-08,6.021142393454917e-08,8.714424250759464e-07,5.1337262161022865e-08,3.411753062035267e-06,3.4265937242193926e-10,-1.318902054289985e-11,-1.9397222657630075e-10,778.6458333333333
150,7.551836122580402,4.063913418735904,7.532828765115607e-08,8.580024787487154,308.08463981180876,0.0,-3.898360114092917e-07,-4.462120918753806e-08,-2.408861248426644e-09,4.45487176253515e-06,-8.146373322774376e-09,6.10221443984944e-08,8.037075640526027e-07,4.979929447542427e-08,3.2614508423600498e-06,3.430537137922364e-10,-9.122365427938282e-12,-1.7203243992237702e-10,783.8541666666666
151,7.551836125840776,4.063913200256826,7.400434758968905e-08,8.580024684587402,308.0976526183254,0.0,-3.7554516605510054e-07,-4.864338362957608e-08,-1.5078890499766865e-09,4.306044385431953e-06,-2.2373526801121027e-09,6.142469630646848e-08,7.499027198837057e-07,4.84770900501499e-08,3.1175805051614253e-06,3.459782535252898e-10,-3.0302917850571133e-12,-1.5409178118030048e-10,789.0625
152,7.5518361132377505,4.063913049560336,7.281993804308412e-08,8.5800245986823,308.11068059619066,0.0,-3.6422992666405315e-07,-5.2372529943798574e-08,-5.874589549755926e-10,4.163916162820463e-06,4.3090777420264585e-09,6.159489702225085e-08,6.988258730828508e-07,4.741826764039788e-08,2.9801015657905622e-06,3.5108797371489877e-10,-7.540582370164937e-12,-1.4004361110662923e-10,794.2708333333333
153,7.551836089652704,4.063912900526583,7.19594681072821e-08,8.580024505188518,308.12369498263394,0.0,-3.551871987943081e-07,-5.5302492403585556e-08,6.262389115356944e-11,4.033236074899754e-06,1.1878607472201794e-08,6.142134237598562e-08,6.548742599450764e-07,4.645606489257633e-08,2.8480089130782435e-06,3.6211727433009046e-10,-8.326719115884847e-12,-1.2807955034953835e-10,799.4791666666666
154,7.55183608378042,4.063912782269744,7.138242790209108e-08,8.580024442235546,308.13672214330546,0.0,-3.486627412019259e-07,-5.835722408830601e-08,8.248678433227873e-10,3.91240522076931e-06,1.9898362070570077e-08,6.098703850623798e-08,6.203179356717783e-07,4.580825511222306e-08,2.7204836895026353e-06,3.715035366292582e-10,-6.825860728098335e-13,-1.1802834189708523e-10,804.6875
155,7.551836059825596,4.0639126743459055,7.115744126475965e-08,8.580024366886697,308.14973653790986,0.0,-3.4342021403893077e-07,-6.060916723775722e-08,1.5214303902825743e-09,3.7980754004115545e-06,2.9892213222902304e-08,6.020942024461701e-08,5.870140774068903e-07,4.519884550286702e-08,2.5979601551525082e-06,3.7502457211662837e-10,2.747837796202199e-12,-1.1030655601994372e-10,809.8958333333333
156,7.551835961623042,4.063912557021178,7.105898299285977e-08,8.580024222388493,308.16272900664785,0.0,-3.3834879512824516e-07,-6.20932859047047e-08,2.1015356159635684e-09,3.683908277342185e-06,4.0693627292381934e-08,5.9051946110048606e-08,5.446251152667534e-07,4.46867358955094e-08,2.481165112785229e-06,3.7445633173191577e-10,5.043724652672297e-12,-1.0441481976203266e-10,815.1041666666666
157,7.551836217501055,4.063912485368918,7.066642392664973e-08,8.580024409861975,308.1754122283232,0.0,-3.1950313703101736e-07,-5.884882650366518e-08,2.426575376378402e-09,3.5797861387690232e-06,4.942575325673958e-08,5.7892039901243746e-08,5.067964179957717e-07,4.432666106502579e-08,2.3679083174969426e-06,3.7087737724319766e-10,6.528046838879744e-12,-9.956884454565446e-11,820.3125
158,7.551836098098563,4.063912530467233,7.103611425824464e-08,8.580024322230432,308.1870636174666,0.0,-2.743414794893228e-07,-4.9875254748905686e-08,2.7242651194551853e-09,3.4979096515491446e-06,5.6389547126022364e-08,5.6558557913697827e-08,4.941842806559185e-07,4.3715201779269067e-08,2.255935973279968e-06,3.648215069699751e-10,1.1980919766782801e-11,-9.554162962455249e-11,825.5208333333333
159,7.551835100000062,4.063912506911472,7.168773652032165e-08,8.580023430151199,308.1981825860182,0.0,-4.2775136341864235e-07,-7.816211525014935e-08,4.4607029528534164e-09,3.408987987171441e-06,6.714155070935092e-08,5.47429629430987e-08,4.6150505280433513e-07,4.2981275974809526e-08,2.148614876428742e-06,3.61460748511177e-10,1.7167447852483932e-11,-9.273002114459092e-11,830.7291666666666
160,7.551835210910059,4.06391213581887,7.29477159307697e-08,8.58002335241986,308.2184820321803,0.0,-4.5673882007087147e-07,-7.579622463732328e-08,5.6114292614319e-09,3.3292738604238177e-06,8.099380465899754e-08,5.2053823931687826e-08,4.1784397451639115e-07,4.2749258191854416e-08,2.0454140881914767e-06,3.5867485129314e-10,1.820660443253534e-11,-9.063984470886844e-11,835.9375
161,7.55183599440588,4.063912137227078,7.297433461804839e-08,8.580024037840033,308.2296040632789,0.0,-2.975541078893655e-07,-4.6187865714399985e-08,3.6160835902419423e-09,3.2702873087494712e-06,8.984896217633318e-08,4.9518911762742525e-08,3.9756306585031205e-07,4.2434854257964005e-08,1.9430674728962687e-06,3.5035780890342205e-10,2.006748873679688e-11,-8.848869402204834e-11,841.1458333333333
162,7.551835937522364,4.063912201541284,7.312014322886994e-08,8.58002401397429,308.241252354184,0.0,-3.476070613059085e-07,-5.052179226952908e-08,4.5838673220681834e-09,3.2106932783775946e-06,9.528633677376441e-08,4.73983254311499e-08,3.768439053831757e-07,4.168641265513516e-08,1.8430103877666866e-06,3.402589325230601e-10,2.1556234402065827e-11,-8.658540497127804e-11,846.3541666666666
163,7.551835671182732,4.0639121101086735,7.292415908732235e-08,8.580023735184547,308.25393818166884,0.0,-3.7692445290895213e-07,-4.970969402927259e-08,5.128518524410632e-09,3.1629579691149775e-06,1.0091092560222178e-07,4.48291253451834e-08,3.5681668174326047e-07,4.0972454046819465e-08,1.7457460279721523e-06,3.3201483190241577e-10,2.2586238562330876e-11,-8.48841291956158e-11,851.5625
164,7.55183561919523,4.063912063025876,7.24760931321753e-08,8.580023665369078,308.2669276238575,0.0,-3.9039409647970485e-07,-4.5557372525611335e-08,5.386384836149761e-09,3.126360680512419e-06,1.0558373865597022e-07,4.200231589144655e-08,3.39103389473428e-07,4.024680191481919e-08,1.6506627262510242e-06,3.256356483013212e-10,2.2785821471039716e-11,-8.304553146098857e-11,856.7708333333333
165,7.551835621606213,4.063912023194074,7.1814872672149e-08,8.580023646933828,308.27994566059897,0.0,-4.0119837066891736e-07,-4.051977300486763e-08,5.50655955171691e-09,3.0998272964876397e-06,1.0884067978767997e-07,3.905168576584443e-08,3.237692796380464e-07,3.9459532558929567e-08,1.557510612000223e-06,3.203012399577217e-10,2.2499399535922023e-11,-8.09073790700412e-11,861.9791666666666
166,7.551835638815476,4.063911986702822,7.099802605530519e-08,8.580023643491113,308.29296895054716,0.0,-4.1237725863754227e-07,-3.520289848087962e-08,5.5573012431026635e-09,3.083496012050252e-06,1.1059190489622344e-07,3.6056233668552365e-08,3.1108184999719367e-07,3.859747447936746e-08,1.4661559778700177e-06,3.1577131958891266e-10,2.1714157112638464e-11,-7.844890270802946e-11,867.1875
167,7.551835671984711,4.063911959227848,7.023485056227822e-08,8.580023658765397,308.30598812662834,0.0,-4.2351919197831474e-07,-2.9718547786712426e-08,5.490770575572819e-09,3.077714105910946e-06,1.1088405007441724e-07,3.306441874555435e-08,3.0164902414521984e-07,3.7681885377707065e-08,1.376451420705334e-06,3.1225589574334646e-10,2.0149274106488848e-11,-7.566491864953228e-11,872.3958333333333
168,7.551835728693242,4.063911942693401,6.953509152308232e-08,8.580023700314618,308.3190097059658,0.0,-4.342725937247366e-07,-2.4101074780596195e-08,5.384433772749416e-09,3.083060787709492e-06,1.0964237636407109e-07,3.011101841461104e-08,2.961958059423822e-07,3.671368973985411e-08,1.2882342066789482e-06,3.0996997670504807e-10,1.7895741395527843e-11,-7.252896397008438e-11,877.6041666666666
169,7.551835809915776,4.06391193145696,6.901712676009855e-08,8.580023766432731,308.3320308954771,0.0,-4.440532802291901e-07,-1.84214915776076e-08,5.210412818878019e-09,3.099314487842341e-06,1.0692016288678271e-07,2.720237029664099e-08,2.949094225671755e-07,3.5670364647780885e-08,1.2014594733717902e-06,3.089531499675759e-10,1.554940271003681e-11,-6.90126702714354e-11,882.8125
170,7.551835904751457,4.063911925132316,6.869148822078234e-08,8.58002384728481,308.34505171487893,0.0,-4.52584287715055e-07,-1.282250967747123e-08,5.040495610345469e-09,3.125370666396283e-06,1.0288419992097279e-07,2.4359480897613262e-08,2.9714239830104805e-07,3.453860576743919e-08,1.1163260006032961e-06,3.0896991899254103e-10,1.3088902676846602e-11,-6.511698934900104e-11,888.0208333333333
171,7.551836005744381,4.063911932119419,6.848910665747192e-08,8.580023939933934,308.3580738376639,0.0,-4.596898412948284e-07,-7.363296000457941e-09,4.7998846813427134e-09,3.1598294553273766e-06,9.764624642108846e-08,2.1618145774766818e-08,3.0207392094378183e-07,3.3327046325214475e-08,1.0330603649622602e-06,3.099466640906451e-10,1.0364199530820706e-11,-6.087911637082595e-11,893.2291666666666
172,7.551836160010734,4.06391194285465,6.842937553817743e-08,8.580024081506691,308.3710575318534,0.0,-4.611153165173194e-07,-2.017480565228449e-09,4.5198654887127486e-09,3.2021740851347874e-06,9.112740090255604e-08,1.9035658729325923e-08,3.102147648764743e-07,3.202224766962811e-08,9.515703099260695e-07,3.119328045636026e-10,7.42073842008997e-12,-5.6356772919662853e-11,898.4375
173,7.551836541252143,4.0639119191561806,6.857660733270419e-08,8.580024407489976,308.3837500834708,0.0,-4.3717603684747e-07,2.6305179987316074e-09,3.996421493113847e-09,3.24900722983963e-06,8.360916633441623e-08,1.6664250216133784e-08,3.2177476174833e-07,3.0629323829340755e-08,8.71752698491441e-07,3.15105083672412e-10,4.743372600107685e-12,-5.1636122140927995e-11,903.6458333333333
174,7.551836615497255,4.063911934498934,6.828693825908788e-08,8.5800244813818,308.3953924775347,0.0,-3.756218350134689e-07,5.489120035395381e-09,3.229436155858495e-09,3.290588758814471e-06,7.5932148476273e-08,1.4608715135881836e-08,3.3381551022363996e-07,2.92197098115817e-08,7.941510142362375e-07,3.170217870720131e-10,2.5732226938161542e-12,-4.6829834827498537e-11,908.8541666666666
175,7.551836153714,4.063912009602998,6.786719233638232e-08,8.580024112032978,308.4065176712147,0.0,-5.807723759581907e-07,1.3125634287453313e-08,4.437839435699894e-09,3.3541037952025668e-06,6.652902173526148e-08,1.238834873806257e-08,3.5027639679620376e-07,2.7701126238996452e-08,7.191761997622504e-07,3.213176448097491e-10,3.62905216764746e-13,-4.198324700963882e-11,914.0625
176,7.551836383653493,4.063912036101735,6.713454528908437e-08,8.580024330931169,308.42681352537016,0.0,-5.931698790626625e-07,1.6830143830036402e-08,4.158308590611775e-09,3.4560550510034118e-06,5.4779662078946915e-08,9.861164149933584e-09,3.7874324033182803e-07,2.610224658963213e-08,6.461434691720694e-07,3.3264703543132476e-10,-2.0297253856820968e-12,-3.70393545867766e-11,919.2708333333333
177,7.551837118193713,4.063912049584808,6.651436292819346e-08,8.580024986804432,308.437940402728,0.0,-3.7163157748967303e-07,1.2435848903115018e-08,2.2625395608470483e-09,3.5379371337305697e-06,4.474362161496162e-08,7.935973600042992e-09,4.057899242728742e-07,2.4573266733549183e-08,5.749646572647072e-07,3.4345427862042655e-10,-4.116054571801019e-12,-3.2082964649283724e-11,924.4791666666666
178,7.5518373315596135,4.06391209072322,6.5926539657878e-08,8.580025195963538,308.44958053075305,0.0,-4.1837604347937084e-07,1.5284862010782243e-08,2.2853721660915363e-09,3.599101909726064e-06,3.6458829094553796e-08,6.566134847574317e-09,4.281568712549889e-07,2.304801736277762e-08,5.065806992777971e-07,3.5001556741325435e-10,-5.7755098431542955e-12,-2.7316443677311474e-11,929.6875
179,7.551837374059183,4.06391214623708,6.468551155157712e-08,8.580025262372478,308.46227587320857,0.0,-4.3011886046191585e-07,1.6665909055385604e-08,2.0647299532170172e-09,3.67516024451769e-06,2.7876765246907077e-08,5.242052137520601e-09,4.5613725179190745e-07,2.1493432422357797e-08,4.41403539040459e-07,3.586539054107059e-10,-6.940906265628125e-12,-2.282942341740484e-11,934.8958333333333
180,7.551837559594774,4.063912210045918,6.396425015948256e-08,8.580025458774376,308.47525579112624,0.0,-4.1700014333322687e-07,1.6750913613263928e-08,1.7546844143377002e-09,3.7573104489837964e-06,1.970991906886966e-08,4.068478325921707e-09,4.872114992083518e-07,1.991309974176397e-08,3.795455360537384e-07,3.6967342602014374e-10,-7.641566180899973e-12,-1.8645813812986033e-11,940.1041666666666
181,7.551837769058709,4.063912277347986,6.213178795651255e-08,8.580025677892548,308.48828266185694,0.0,-3.969786354394818e-07,1.6265974453751166e-08,1.4401616611198058e-09,3.840193477350715e-06,1.2355268252878326e-08,3.079656535625216e-09,5.194329646660077e-07,1.8309404084734524e-08,3.212956368817839e-07,3.816790402280709e-10,-7.522657505571294e-12,-1.4806812756163738e-11,945.3125
182,7.551837975407625,4.0639123474294525,6.07377467680041e-08,8.580025895577572,308.5012988851801,0.0,-3.7337834605108557e-07,1.532048915544452e-08,1.1604096521964162e-09,3.921736687999092e-06,5.931418390841726e-09,2.2716741145265244e-09,5.518870424642086e-07,1.6678855489084768e-08,2.669739615757598e-07,3.9392365492856517e-10,-6.480577031559054e-12,-1.1378399200428627e-11,950.5208333333333
183,7.5518381778622725,4.063912416709464,5.816440303139324e-08,8.58002610945913,308.51432587289395,0.0,-3.464805634135446e-07,1.4025747366049672e-08,8.974929693821855e-10,4.000712847876286e-06,4.5295198172716677e-10,1.6264757714957484e-09,5.83954498536137e-07,1.5025233323165508e-08,2.1686894569662107e-07,4.061559409213927e-10,-4.429394293543544e-12,-8.422736429005406e-12,955.7291666666666
184,7.551838372589851,4.063912486195568,5.60768949602275e-08,8.580026316595315,308.527339510019,0.0,-3.160528659173662e-07,1.2356379351536893e-08,6.687846099499237e-10,4.0760585316302275e-06,-4.0828396010542965e-09,1.1230448771341282e-09,6.150745847263462e-07,1.335035843623525e-08,1.7126338183934736e-07,4.1800604546294264e-10,-1.4754978409022586e-12,-5.965387203791088e-12,960.9375
185,7.551838558923475,4.06391255300692,5.2085632529550416e-08,8.580026514915144,308.540366556193,0.0,-2.8247138970254286e-07,1.047164070124377e-08,4.697463808164765e-10,4.146704865331322e-06,-7.695633620889062e-09,7.348532382171648e-10,6.446430126036159e-07,1.1662814857952185e-08,1.3047096692442205e-07,4.292115563178768e-10,2.135442535545564e-12,-3.994224321738241e-12,966.1458333333333
186,7.55183873226934,4.0639126183593115,4.665564540333356e-08,8.580026700802426,308.5533816142094,0.0,-2.4555602751896615e-07,8.424186778348501e-09,3.0208327461583707e-10,4.2114123101164425e-06,-1.0412720652356611e-08,4.4670155238884017e-10,6.720917194945595e-07,9.960760545526043e-09,9.4809057104703e-08,4.3931280282729017e-10,6.021392539818315e-12,-2.4793500393000827e-12,971.3541666666666
187,7.551838890530409,4.063912679998392,3.861014057986981e-08,8.58002687128385,308.5664096667413,0.0,-2.058639922237147e-07,6.4415486718229535e-09,1.6544646753054947e-10,4.269080569295872e-06,-1.2373205540092566e-08,2.511881438919805e-10,6.969607359686593e-07,8.233843421699812e-09,6.452096092124103e-08,4.4811404491835096e-10,9.866322118091836e-12,-1.383946729005727e-12,976.5625
188,7.55183902953933,4.063912736547932,3.024312457644014e-08,8.580027022086124,308.57942350763983,0.0,-1.6332379595804192e-07,4.619040631014487e-09,6.549209706280972e-11,4.318566206358309e-06,-1.37593743599284e-08,1.4081670418471046e-10,7.18835823505718e-07,6.4644622494380186e-09,3.9755126489008824e-08,4.5543923174707314e-10,1.327002635877584e-11,-6.599353028271559e-13,981.7708333333333
189,7.551839139505188,4.0639127899197,2.8478604190509263e-08,8.580027145549034,308.5924503518781,0.0,-1.1872043691484615e-07,3.0765283522910118e-09,1.1413952209473445e-11,4.3585610427994305e-06,-1.4756570533533644e-08,8.93885024322944e-11,7.370337471378381e-07,4.648159094402322e-09,2.0669242638667715e-08,4.6127515040669466e-10,1.6056580150429797e-11,-2.4261447796090807e-13,986.9791666666666
190,7.5518392343080745,4.063912814497288,1.7038754612193333e-08,8.580027241798929,308.6054680868089,0.0,-7.203377673904559e-08,1.7525902215424923e-09,-3.5212803329525276e-12,4.387074120407501e-06,-1.5379508462795186e-08,5.839955959825813e-11,7.50414286792482e-07,2.79927500289527e-09,7.561361133899478e-09,4.6530553061912836e-10,1.8058166887885783e-11,-5.2678494840304515e-14,992.1875
191,7.551839293556478,4.063912817460234,3.5537555752454e-09,8.580027296049092,308.618492446577,0.0,-2.422122269391912e-08,5.728631720533283e-10,-7.166797112837169e-13,4.402223737735013e-06,-1.5678932325889626e-08,2.1766101375691305e-11,7.574114542476301e-07,9.34715913856369e-10,8.480446082664495e-10,4.673987011000681e-10,1.912634679802066e-11,-1.9559176900434584e-15,997.3958333333333
